{"cameraMode":{"drawMode":0,"name":"Shaded","section":"Shading Mode"},"sceneLighting":true,"audioPlay":false,"sceneViewState":{"m_AlwaysRefresh":false,"showFog":true,"showSkybox":true,"showFlares":true,"showImageEffects":true,"showParticleSystems":true,"showVisualEffectGraphs":true,"m_FxEnabled":true},"in2DMode":false,"pivot":{"x":496.66192626953127,"y":31.141921997070314,"z":477.91717529296877},"rotation":{"x":-0.0023464467376470567,"y":-0.9970272183418274,"z":0.0692145973443985,"w":-0.03380601853132248},"size":3.6314005851745607,"orthographic":false}